gameId,season,gameType,gameDate,startTimeUTC,venue,venueCity,homeTeamId,homeTeam,homeAbbrev,awayTeamId,awayTeam,awayAbbrev,homeGoals,awayGoals,homeShotsOnGoal,awayShotsOnGoal,wentToOT,wentToSO,finalPeriodNumber,finalPeriodType,gameState,game_year
2020030111,20202021,3,2021-05-16,2021-05-16T16:00:00Z,PPG Paints Arena,Pittsburgh,5,Pittsburgh,PIT,2,New York,NYI,3,4,42,41,True,False,4,OT,OFF,2020
2020030112,20202021,3,2021-05-18,2021-05-18T23:30:00Z,PPG Paints Arena,Pittsburgh,5,Pittsburgh,PIT,2,New York,NYI,2,1,45,38,False,False,3,REG,OFF,2020
2020030113,20202021,3,2021-05-20,2021-05-20T23:00:00Z,Nassau Veterans Memorial Coliseum,Uniondale,2,New York,NYI,5,Pittsburgh,PIT,4,5,30,27,False,False,3,REG,OFF,2020
2020030114,20202021,3,2021-05-22,2021-05-22T19:00:00Z,Nassau Veterans Memorial Coliseum,Uniondale,2,New York,NYI,5,Pittsburgh,PIT,4,1,26,30,False,False,3,REG,OFF,2020
2020030115,20202021,3,2021-05-24,2021-05-24T23:00:00Z,PPG Paints Arena,Pittsburgh,5,Pittsburgh,PIT,2,New York,NYI,2,3,50,28,True,False,5,OT,OFF,2020
2020030116,20202021,3,2021-05-26,2021-05-26T22:30:00Z,Nassau Veterans Memorial Coliseum,Uniondale,2,New York,NYI,5,Pittsburgh,PIT,5,3,24,37,False,False,3,REG,OFF,2020
2020030121,20202021,3,2021-05-15,2021-05-15T23:15:00Z,Capital One Arena,Washington,15,Washington,WSH,6,Boston,BOS,3,2,32,26,True,False,4,OT,OFF,2020
2020030122,20202021,3,2021-05-17,2021-05-17T23:30:00Z,Capital One Arena,Washington,15,Washington,WSH,6,Boston,BOS,3,4,39,48,True,False,4,OT,OFF,2020
2020030123,20202021,3,2021-05-19,2021-05-19T22:30:00Z,TD Garden,Boston,6,Boston,BOS,15,Washington,WSH,3,2,43,37,True,False,5,OT,OFF,2020
2020030124,20202021,3,2021-05-21,2021-05-21T22:30:00Z,TD Garden,Boston,6,Boston,BOS,15,Washington,WSH,4,1,37,20,False,False,3,REG,OFF,2020
2020030125,20202021,3,2021-05-23,2021-05-23T23:00:00Z,Capital One Arena,Washington,15,Washington,WSH,6,Boston,BOS,1,3,41,19,False,False,3,REG,OFF,2020
2020030131,20202021,3,2021-05-17,2021-05-18T00:00:00Z,PNC Arena,Raleigh,12,Carolina,CAR,18,Nashville,NSH,5,2,38,24,False,False,3,REG,OFF,2020
2020030132,20202021,3,2021-05-19,2021-05-20T00:00:00Z,PNC Arena,Raleigh,12,Carolina,CAR,18,Nashville,NSH,3,0,31,32,False,False,3,REG,OFF,2020
2020030133,20202021,3,2021-05-21,2021-05-21T23:00:00Z,Bridgestone Arena,Nashville,18,Nashville,NSH,12,Carolina,CAR,5,4,54,56,True,False,5,OT,OFF,2020
2020030134,20202021,3,2021-05-23,2021-05-23T18:30:00Z,Bridgestone Arena,Nashville,18,Nashville,NSH,12,Carolina,CAR,4,3,43,61,True,False,5,OT,OFF,2020
2020030135,20202021,3,2021-05-25,2021-05-26T00:00:00Z,PNC Arena,Raleigh,12,Carolina,CAR,18,Nashville,NSH,3,2,37,25,True,False,4,OT,OFF,2020
2020030136,20202021,3,2021-05-27,2021-05-28T01:30:00Z,Bridgestone Arena,Nashville,18,Nashville,NSH,12,Carolina,CAR,3,4,27,31,True,False,4,OT,OFF,2020
2020030141,20202021,3,2021-05-16,2021-05-16T23:30:00Z,BB&T Center,Sunrise,13,Florida,FLA,14,Tampa Bay,TBL,4,5,39,40,False,False,3,REG,OFF,2020
2020030142,20202021,3,2021-05-18,2021-05-19T00:00:00Z,BB&T Center,Sunrise,13,Florida,FLA,14,Tampa Bay,TBL,1,3,33,29,False,False,3,REG,OFF,2020
2020030143,20202021,3,2021-05-20,2021-05-20T22:30:00Z,Amalie Arena,Tampa,14,Tampa Bay,TBL,13,Florida,FLA,5,6,31,47,True,False,4,OT,OFF,2020
2020030144,20202021,3,2021-05-22,2021-05-22T16:30:00Z,Amalie Arena,Tampa,14,Tampa Bay,TBL,13,Florida,FLA,6,2,26,41,False,False,3,REG,OFF,2020
2020030145,20202021,3,2021-05-24,2021-05-25T00:00:00Z,BB&T Center,Sunrise,13,Florida,FLA,14,Tampa Bay,TBL,4,1,38,37,False,False,3,REG,OFF,2020
2020030146,20202021,3,2021-05-26,2021-05-27T00:00:00Z,Amalie Arena,Tampa,14,Tampa Bay,TBL,13,Florida,FLA,4,0,24,29,False,False,3,REG,OFF,2020
2020030151,20202021,3,2021-05-17,2021-05-18T02:00:00Z,Ball Arena,Denver,21,Colorado,COL,19,St. Louis,STL,4,1,50,23,False,False,3,REG,OFF,2020
2020030152,20202021,3,2021-05-19,2021-05-20T02:30:00Z,Ball Arena,Denver,21,Colorado,COL,19,St. Louis,STL,6,3,35,35,False,False,3,REG,OFF,2020
2020030153,20202021,3,2021-05-21,2021-05-22T01:30:00Z,Enterprise Center,St. Louis,19,St. Louis,STL,21,Colorado,COL,1,5,32,26,False,False,3,REG,OFF,2020
2020030154,20202021,3,2021-05-23,2021-05-23T21:00:00Z,Enterprise Center,St. Louis,19,St. Louis,STL,21,Colorado,COL,2,5,20,34,False,False,3,REG,OFF,2020
2020030161,20202021,3,2021-05-16,2021-05-16T19:00:00Z,T-Mobile Arena,Paradise,54,Vegas,VGK,30,Minnesota,MIN,0,1,42,30,True,False,4,OT,OFF,2020
2020030162,20202021,3,2021-05-18,2021-05-19T02:00:00Z,T-Mobile Arena,Paradise,54,Vegas,VGK,30,Minnesota,MIN,3,1,28,35,False,False,3,REG,OFF,2020
2020030163,20202021,3,2021-05-20,2021-05-21T01:30:00Z,Xcel Energy Center,St. Paul,30,Minnesota,MIN,54,Vegas,VGK,2,5,16,40,False,False,3,REG,OFF,2020
2020030164,20202021,3,2021-05-22,2021-05-23T00:00:00Z,Xcel Energy Center,St. Paul,30,Minnesota,MIN,54,Vegas,VGK,0,4,35,18,False,False,3,REG,OFF,2020
2020030165,20202021,3,2021-05-24,2021-05-25T02:30:00Z,T-Mobile Arena,Paradise,54,Vegas,VGK,30,Minnesota,MIN,2,4,40,14,False,False,3,REG,OFF,2020
2020030166,20202021,3,2021-05-26,2021-05-27T01:00:00Z,Xcel Energy Center,St. Paul,30,Minnesota,MIN,54,Vegas,VGK,3,0,24,23,False,False,3,REG,OFF,2020
2020030167,20202021,3,2021-05-28,2021-05-29T01:00:00Z,T-Mobile Arena,Paradise,54,Vegas,VGK,30,Minnesota,MIN,6,2,34,20,False,False,3,REG,OFF,2020
2020030171,20202021,3,2021-05-20,2021-05-20T23:30:00Z,Scotiabank Arena,Toronto,10,Toronto,TOR,8,Montréal,MTL,1,2,36,30,False,False,3,REG,OFF,2020
2020030172,20202021,3,2021-05-22,2021-05-22T23:00:00Z,Scotiabank Arena,Toronto,10,Toronto,TOR,8,Montréal,MTL,5,1,34,23,False,False,3,REG,OFF,2020
2020030173,20202021,3,2021-05-24,2021-05-24T23:00:00Z,Centre Bell,Montreal,8,Montréal,MTL,10,Toronto,TOR,1,2,29,29,False,False,3,REG,OFF,2020
2020030174,20202021,3,2021-05-25,2021-05-25T23:30:00Z,Centre Bell,Montreal,8,Montréal,MTL,10,Toronto,TOR,0,4,32,28,False,False,3,REG,OFF,2020
2020030175,20202021,3,2021-05-27,2021-05-27T23:00:00Z,Scotiabank Arena,Toronto,10,Toronto,TOR,8,Montréal,MTL,3,4,35,30,True,False,4,OT,OFF,2020
2020030176,20202021,3,2021-05-29,2021-05-29T23:30:00Z,Centre Bell,Montreal,8,Montréal,MTL,10,Toronto,TOR,3,2,31,43,True,False,4,OT,OFF,2020
2020030177,20202021,3,2021-05-31,2021-05-31T23:00:00Z,Scotiabank Arena,Toronto,10,Toronto,TOR,8,Montréal,MTL,1,3,31,23,False,False,3,REG,OFF,2020
2020030181,20202021,3,2021-05-19,2021-05-20T01:00:00Z,Rogers Place,Edmonton,22,Edmonton,EDM,52,Winnipeg,WPG,1,4,33,22,False,False,3,REG,OFF,2020
2020030182,20202021,3,2021-05-21,2021-05-22T01:00:00Z,Rogers Place,Edmonton,22,Edmonton,EDM,52,Winnipeg,WPG,0,1,38,36,True,False,4,OT,OFF,2020
2020030183,20202021,3,2021-05-23,2021-05-23T23:30:00Z,Bell MTS Place,Winnipeg,52,Winnipeg,WPG,22,Edmonton,EDM,5,4,37,48,True,False,4,OT,OFF,2020
2020030184,20202021,3,2021-05-24,2021-05-25T01:45:00Z,Bell MTS Place,Winnipeg,52,Winnipeg,WPG,22,Edmonton,EDM,4,3,43,40,True,False,6,OT,OFF,2020
2020030211,20202021,3,2021-05-29,2021-05-30T00:00:00Z,TD Garden,Boston,6,Boston,BOS,2,New York,NYI,5,2,40,22,False,False,3,REG,OFF,2020
2020030212,20202021,3,2021-05-31,2021-05-31T23:30:00Z,TD Garden,Boston,6,Boston,BOS,2,New York,NYI,3,4,42,39,True,False,4,OT,OFF,2020
2020030213,20202021,3,2021-06-03,2021-06-03T23:30:00Z,Nassau Veterans Memorial Coliseum,Uniondale,2,New York,NYI,6,Boston,BOS,1,2,29,41,True,False,4,OT,OFF,2020
2020030214,20202021,3,2021-06-05,2021-06-05T23:15:00Z,Nassau Veterans Memorial Coliseum,Uniondale,2,New York,NYI,6,Boston,BOS,4,1,34,29,False,False,3,REG,OFF,2020
2020030215,20202021,3,2021-06-07,2021-06-07T22:30:00Z,TD Garden,Boston,6,Boston,BOS,2,New York,NYI,4,5,44,19,False,False,3,REG,OFF,2020
2020030216,20202021,3,2021-06-09,2021-06-09T23:30:00Z,Nassau Veterans Memorial Coliseum,Uniondale,2,New York,NYI,6,Boston,BOS,6,2,29,25,False,False,3,REG,OFF,2020
2020030221,20202021,3,2021-05-30,2021-05-30T21:00:00Z,PNC Arena,Raleigh,12,Carolina,CAR,14,Tampa Bay,TBL,1,2,38,30,False,False,3,REG,OFF,2020
2020030222,20202021,3,2021-06-01,2021-06-01T23:30:00Z,PNC Arena,Raleigh,12,Carolina,CAR,14,Tampa Bay,TBL,1,2,32,15,False,False,3,REG,OFF,2020
2020030223,20202021,3,2021-06-03,2021-06-04T00:00:00Z,Amalie Arena,Tampa,14,Tampa Bay,TBL,12,Carolina,CAR,2,3,37,27,True,False,4,OT,OFF,2020
2020030224,20202021,3,2021-06-05,2021-06-05T20:00:00Z,Amalie Arena,Tampa,14,Tampa Bay,TBL,12,Carolina,CAR,6,4,26,25,False,False,3,REG,OFF,2020
2020030225,20202021,3,2021-06-08,2021-06-08T22:30:00Z,PNC Arena,Raleigh,12,Carolina,CAR,14,Tampa Bay,TBL,0,2,29,25,False,False,3,REG,OFF,2020
2020030231,20202021,3,2021-05-30,2021-05-31T00:00:00Z,Ball Arena,Denver,21,Colorado,COL,54,Vegas,VGK,7,1,37,25,False,False,3,REG,OFF,2020
2020030232,20202021,3,2021-06-02,2021-06-03T02:00:00Z,Ball Arena,Denver,21,Colorado,COL,54,Vegas,VGK,3,2,25,41,True,False,4,OT,OFF,2020
2020030233,20202021,3,2021-06-04,2021-06-05T02:00:00Z,T-Mobile Arena,Paradise,54,Vegas,VGK,21,Colorado,COL,3,2,43,20,False,False,3,REG,OFF,2020
2020030234,20202021,3,2021-06-06,2021-06-07T00:30:00Z,T-Mobile Arena,Paradise,54,Vegas,VGK,21,Colorado,COL,5,1,35,18,False,False,3,REG,OFF,2020
2020030235,20202021,3,2021-06-08,2021-06-09T01:00:00Z,Ball Arena,Denver,21,Colorado,COL,54,Vegas,VGK,2,3,30,25,True,False,4,OT,OFF,2020
2020030236,20202021,3,2021-06-10,2021-06-11T01:00:00Z,T-Mobile Arena,Paradise,54,Vegas,VGK,21,Colorado,COL,6,3,23,33,False,False,3,REG,OFF,2020
2020030241,20202021,3,2021-06-02,2021-06-02T23:30:00Z,Bell MTS Place,Winnipeg,52,Winnipeg,WPG,8,Montréal,MTL,3,5,30,33,False,False,3,REG,OFF,2020
2020030242,20202021,3,2021-06-04,2021-06-04T23:30:00Z,Bell MTS Place,Winnipeg,52,Winnipeg,WPG,8,Montréal,MTL,0,1,30,24,False,False,3,REG,OFF,2020
2020030243,20202021,3,2021-06-06,2021-06-06T22:00:00Z,Centre Bell,Montreal,8,Montréal,MTL,52,Winnipeg,WPG,5,1,33,27,False,False,3,REG,OFF,2020
2020030244,20202021,3,2021-06-07,2021-06-08T00:00:00Z,Centre Bell,Montreal,8,Montréal,MTL,52,Winnipeg,WPG,3,2,42,16,True,False,4,OT,OFF,2020
2020030311,20202021,3,2021-06-14,2021-06-15T01:00:00Z,T-Mobile Arena,Paradise,54,Vegas,VGK,8,Montréal,MTL,4,1,30,29,False,False,3,REG,OFF,2020
2020030312,20202021,3,2021-06-16,2021-06-17T01:00:00Z,T-Mobile Arena,Paradise,54,Vegas,VGK,8,Montréal,MTL,2,3,31,23,False,False,3,REG,OFF,2020
2020030313,20202021,3,2021-06-18,2021-06-19T00:00:00Z,Centre Bell,Montreal,8,Montréal,MTL,54,Vegas,VGK,3,2,27,45,True,False,4,OT,OFF,2020
2020030314,20202021,3,2021-06-20,2021-06-21T00:00:00Z,Centre Bell,Montreal,8,Montréal,MTL,54,Vegas,VGK,1,2,28,21,True,False,4,OT,OFF,2020
2020030315,20202021,3,2021-06-22,2021-06-23T01:00:00Z,T-Mobile Arena,Paradise,54,Vegas,VGK,8,Montréal,MTL,1,4,27,26,False,False,3,REG,OFF,2020
2020030316,20202021,3,2021-06-24,2021-06-25T00:00:00Z,Centre Bell,Montreal,8,Montréal,MTL,54,Vegas,VGK,3,2,32,39,True,False,4,OT,OFF,2020
2020030321,20202021,3,2021-06-13,2021-06-13T19:00:00Z,Amalie Arena,Tampa,14,Tampa Bay,TBL,2,New York,NYI,1,2,31,31,False,False,3,REG,OFF,2020
2020030322,20202021,3,2021-06-15,2021-06-16T00:00:00Z,Amalie Arena,Tampa,14,Tampa Bay,TBL,2,New York,NYI,4,2,33,26,False,False,3,REG,OFF,2020
2020030323,20202021,3,2021-06-17,2021-06-18T00:00:00Z,Nassau Veterans Memorial Coliseum,Uniondale,2,New York,NYI,14,Tampa Bay,TBL,1,2,28,25,False,False,3,REG,OFF,2020
2020030324,20202021,3,2021-06-19,2021-06-20T00:00:00Z,Nassau Veterans Memorial Coliseum,Uniondale,2,New York,NYI,14,Tampa Bay,TBL,3,2,30,30,False,False,3,REG,OFF,2020
2020030325,20202021,3,2021-06-21,2021-06-22T00:00:00Z,Amalie Arena,Tampa,14,Tampa Bay,TBL,2,New York,NYI,8,0,42,21,False,False,3,REG,OFF,2020
2020030326,20202021,3,2021-06-23,2021-06-24T00:00:00Z,Nassau Veterans Memorial Coliseum,Uniondale,2,New York,NYI,14,Tampa Bay,TBL,3,2,28,24,True,False,4,OT,OFF,2020
2020030327,20202021,3,2021-06-25,2021-06-26T00:00:00Z,Amalie Arena,Tampa,14,Tampa Bay,TBL,2,New York,NYI,1,0,31,18,False,False,3,REG,OFF,2020
2020030411,20202021,3,2021-06-28,2021-06-29T00:00:00Z,Amalie Arena,Tampa,14,Tampa Bay,TBL,8,Montréal,MTL,5,1,27,19,False,False,3,REG,OFF,2020
2020030412,20202021,3,2021-06-30,2021-07-01T00:00:00Z,Amalie Arena,Tampa,14,Tampa Bay,TBL,8,Montréal,MTL,3,1,23,43,False,False,3,REG,OFF,2020
2020030413,20202021,3,2021-07-02,2021-07-03T00:00:00Z,Centre Bell,Montreal,8,Montréal,MTL,14,Tampa Bay,TBL,3,6,35,30,False,False,3,REG,OFF,2020
2020030414,20202021,3,2021-07-05,2021-07-06T00:00:00Z,Centre Bell,Montreal,8,Montréal,MTL,14,Tampa Bay,TBL,3,2,21,34,True,False,4,OT,OFF,2020
2020030415,20202021,3,2021-07-07,2021-07-08T00:00:00Z,Amalie Arena,Tampa,14,Tampa Bay,TBL,8,Montréal,MTL,1,0,30,22,False,False,3,REG,OFF,2020
2021030111,20212022,3,2022-05-03,2022-05-03T23:30:00Z,FLA Live Arena,Sunrise,13,Florida,FLA,15,Washington,WSH,2,4,32,38,False,False,3,REG,OFF,2021
2021030112,20212022,3,2022-05-05,2022-05-05T23:30:00Z,FLA Live Arena,Sunrise,13,Florida,FLA,15,Washington,WSH,5,1,36,27,False,False,3,REG,OFF,2021
2021030113,20212022,3,2022-05-07,2022-05-07T17:00:00Z,Capital One Arena,Washington,15,Washington,WSH,13,Florida,FLA,6,1,31,30,False,False,3,REG,OFF,2021
2021030114,20212022,3,2022-05-09,2022-05-09T23:00:00Z,Capital One Arena,Washington,15,Washington,WSH,13,Florida,FLA,2,3,16,32,True,False,4,OT,OFF,2021
2021030115,20212022,3,2022-05-11,2022-05-11T23:30:00Z,FLA Live Arena,Sunrise,13,Florida,FLA,15,Washington,WSH,5,3,38,33,False,False,3,REG,OFF,2021
2021030116,20212022,3,2022-05-13,2022-05-13T23:30:00Z,Capital One Arena,Washington,15,Washington,WSH,13,Florida,FLA,3,4,37,31,True,False,4,OT,OFF,2021
2021030121,20212022,3,2022-05-02,2022-05-02T23:30:00Z,Scotiabank Arena,Toronto,10,Toronto,TOR,14,Tampa Bay,TBL,5,0,32,24,False,False,3,REG,OFF,2021
2021030122,20212022,3,2022-05-04,2022-05-04T23:30:00Z,Scotiabank Arena,Toronto,10,Toronto,TOR,14,Tampa Bay,TBL,3,5,34,34,False,False,3,REG,OFF,2021
2021030123,20212022,3,2022-05-06,2022-05-06T23:30:00Z,Amalie Arena,Tampa,14,Tampa Bay,TBL,10,Toronto,TOR,2,5,34,36,False,False,3,REG,OFF,2021
2021030124,20212022,3,2022-05-08,2022-05-08T23:00:00Z,Amalie Arena,Tampa,14,Tampa Bay,TBL,10,Toronto,TOR,7,3,28,25,False,False,3,REG,OFF,2021
2021030125,20212022,3,2022-05-10,2022-05-10T23:30:00Z,Scotiabank Arena,Toronto,10,Toronto,TOR,14,Tampa Bay,TBL,4,3,25,35,False,False,3,REG,OFF,2021
2021030126,20212022,3,2022-05-12,2022-05-12T23:30:00Z,Amalie Arena,Tampa,14,Tampa Bay,TBL,10,Toronto,TOR,4,3,35,33,True,False,4,OT,OFF,2021
2021030127,20212022,3,2022-05-14,2022-05-14T23:00:00Z,Scotiabank Arena,Toronto,10,Toronto,TOR,14,Tampa Bay,TBL,1,2,31,25,False,False,3,REG,OFF,2021
2021030131,20212022,3,2022-05-02,2022-05-02T23:00:00Z,PNC Arena,Raleigh,12,Carolina,CAR,6,Boston,BOS,5,1,25,36,False,False,3,REG,OFF,2021
2021030132,20212022,3,2022-05-04,2022-05-04T23:00:00Z,PNC Arena,Raleigh,12,Carolina,CAR,6,Boston,BOS,5,2,34,38,False,False,3,REG,OFF,2021
2021030133,20212022,3,2022-05-06,2022-05-06T23:00:00Z,TD Garden,Boston,6,Boston,BOS,12,Carolina,CAR,4,2,28,27,False,False,3,REG,OFF,2021
2021030134,20212022,3,2022-05-08,2022-05-08T16:30:00Z,TD Garden,Boston,6,Boston,BOS,12,Carolina,CAR,5,2,28,26,False,False,3,REG,OFF,2021
2021030135,20212022,3,2022-05-10,2022-05-10T23:00:00Z,PNC Arena,Raleigh,12,Carolina,CAR,6,Boston,BOS,5,1,38,34,False,False,3,REG,OFF,2021
2021030136,20212022,3,2022-05-12,2022-05-12T23:00:00Z,TD Garden,Boston,6,Boston,BOS,12,Carolina,CAR,5,2,34,25,False,False,3,REG,OFF,2021
2021030137,20212022,3,2022-05-14,2022-05-14T20:30:00Z,PNC Arena,Raleigh,12,Carolina,CAR,6,Boston,BOS,3,2,31,29,False,False,3,REG,OFF,2021
2021030141,20212022,3,2022-05-03,2022-05-03T23:00:00Z,Madison Square Garden,New York,3,New York,NYR,5,Pittsburgh,PIT,3,4,68,83,True,False,6,OT,OFF,2021
2021030142,20212022,3,2022-05-05,2022-05-05T23:00:00Z,Madison Square Garden,New York,3,New York,NYR,5,Pittsburgh,PIT,5,2,40,41,False,False,3,REG,OFF,2021
2021030143,20212022,3,2022-05-07,2022-05-07T23:00:00Z,PPG Paints Arena,Pittsburgh,5,Pittsburgh,PIT,3,New York,NYR,7,4,37,36,False,False,3,REG,OFF,2021
2021030144,20212022,3,2022-05-09,2022-05-09T23:00:00Z,PPG Paints Arena,Pittsburgh,5,Pittsburgh,PIT,3,New York,NYR,7,2,41,24,False,False,3,REG,OFF,2021
2021030145,20212022,3,2022-05-11,2022-05-11T23:00:00Z,Madison Square Garden,New York,3,New York,NYR,5,Pittsburgh,PIT,5,3,34,32,False,False,3,REG,OFF,2021
2021030146,20212022,3,2022-05-13,2022-05-13T23:00:00Z,PPG Paints Arena,Pittsburgh,5,Pittsburgh,PIT,3,New York,NYR,3,5,34,38,False,False,3,REG,OFF,2021
2021030147,20212022,3,2022-05-15,2022-05-15T23:00:00Z,Madison Square Garden,New York,3,New York,NYR,5,Pittsburgh,PIT,4,3,30,42,True,False,4,OT,OFF,2021
2021030151,20212022,3,2022-05-03,2022-05-04T01:30:00Z,Ball Arena,Denver,21,Colorado,COL,18,Nashville,NSH,7,2,45,25,False,False,3,REG,OFF,2021
2021030152,20212022,3,2022-05-05,2022-05-06T01:30:00Z,Ball Arena,Denver,21,Colorado,COL,18,Nashville,NSH,2,1,51,26,True,False,4,OT,OFF,2021
2021030153,20212022,3,2022-05-07,2022-05-07T20:30:00Z,Bridgestone Arena,Nashville,18,Nashville,NSH,21,Colorado,COL,3,7,30,42,False,False,3,REG,OFF,2021
2021030154,20212022,3,2022-05-09,2022-05-10T01:30:00Z,Bridgestone Arena,Nashville,18,Nashville,NSH,21,Colorado,COL,3,5,31,38,False,False,3,REG,OFF,2021
2021030161,20212022,3,2022-05-02,2022-05-03T01:30:00Z,Xcel Energy Center,St. Paul,30,Minnesota,MIN,19,St. Louis,STL,0,4,37,31,False,False,3,REG,OFF,2021
2021030162,20212022,3,2022-05-04,2022-05-05T01:30:00Z,Xcel Energy Center,St. Paul,30,Minnesota,MIN,19,St. Louis,STL,6,2,28,34,False,False,3,REG,OFF,2021
2021030163,20212022,3,2022-05-06,2022-05-07T01:30:00Z,Enterprise Center,St. Louis,19,St. Louis,STL,30,Minnesota,MIN,1,5,30,33,False,False,3,REG,OFF,2021
2021030164,20212022,3,2022-05-08,2022-05-08T20:30:00Z,Enterprise Center,St. Louis,19,St. Louis,STL,30,Minnesota,MIN,5,2,34,30,False,False,3,REG,OFF,2021
2021030165,20212022,3,2022-05-10,2022-05-11T01:30:00Z,Xcel Energy Center,St. Paul,30,Minnesota,MIN,19,St. Louis,STL,2,5,32,32,False,False,3,REG,OFF,2021
2021030166,20212022,3,2022-05-12,2022-05-13T01:30:00Z,Enterprise Center,St. Louis,19,St. Louis,STL,30,Minnesota,MIN,5,1,27,26,False,False,3,REG,OFF,2021
2021030171,20212022,3,2022-05-03,2022-05-04T02:00:00Z,Scotiabank Saddledome,Calgary,20,Calgary,CGY,25,Dallas,DAL,1,0,26,16,False,False,3,REG,OFF,2021
2021030172,20212022,3,2022-05-05,2022-05-06T02:00:00Z,Scotiabank Saddledome,Calgary,20,Calgary,CGY,25,Dallas,DAL,0,2,29,23,False,False,3,REG,OFF,2021
2021030173,20212022,3,2022-05-07,2022-05-08T01:30:00Z,American Airlines Center,Dallas,25,Dallas,DAL,20,Calgary,CGY,4,2,32,41,False,False,3,REG,OFF,2021
2021030174,20212022,3,2022-05-09,2022-05-10T01:30:00Z,American Airlines Center,Dallas,25,Dallas,DAL,20,Calgary,CGY,1,4,35,54,False,False,3,REG,OFF,2021
2021030175,20212022,3,2022-05-11,2022-05-12T01:30:00Z,Scotiabank Saddledome,Calgary,20,Calgary,CGY,25,Dallas,DAL,3,1,32,21,False,False,3,REG,OFF,2021
2021030176,20212022,3,2022-05-13,2022-05-14T01:30:00Z,American Airlines Center,Dallas,25,Dallas,DAL,20,Calgary,CGY,4,2,40,38,False,False,3,REG,OFF,2021
2021030177,20212022,3,2022-05-15,2022-05-16T01:30:00Z,Scotiabank Saddledome,Calgary,20,Calgary,CGY,25,Dallas,DAL,3,2,67,28,True,False,4,OT,OFF,2021
2021030181,20212022,3,2022-05-02,2022-05-03T02:00:00Z,Rogers Place,Edmonton,22,Edmonton,EDM,26,Los Angeles,LAK,3,4,39,35,False,False,3,REG,OFF,2021
2021030182,20212022,3,2022-05-04,2022-05-05T02:00:00Z,Rogers Place,Edmonton,22,Edmonton,EDM,26,Los Angeles,LAK,6,0,36,30,False,False,3,REG,OFF,2021
2021030183,20212022,3,2022-05-06,2022-05-07T02:00:00Z,Crypto.com Arena,Los Angeles,26,Los Angeles,LAK,22,Edmonton,EDM,2,8,46,37,False,False,3,REG,OFF,2021
2021030184,20212022,3,2022-05-08,2022-05-09T02:00:00Z,Crypto.com Arena,Los Angeles,26,Los Angeles,LAK,22,Edmonton,EDM,4,0,46,31,False,False,3,REG,OFF,2021
2021030185,20212022,3,2022-05-10,2022-05-11T02:00:00Z,Rogers Place,Edmonton,22,Edmonton,EDM,26,Los Angeles,LAK,4,5,28,43,True,False,4,OT,OFF,2021
2021030186,20212022,3,2022-05-12,2022-05-13T02:00:00Z,Crypto.com Arena,Los Angeles,26,Los Angeles,LAK,22,Edmonton,EDM,2,4,32,37,False,False,3,REG,OFF,2021
2021030187,20212022,3,2022-05-14,2022-05-15T02:00:00Z,Rogers Place,Edmonton,22,Edmonton,EDM,26,Los Angeles,LAK,2,0,41,29,False,False,3,REG,OFF,2021
2021030211,20212022,3,2022-05-17,2022-05-17T23:00:00Z,FLA Live Arena,Sunrise,13,Florida,FLA,14,Tampa Bay,TBL,1,4,34,36,False,False,3,REG,OFF,2021
2021030212,20212022,3,2022-05-19,2022-05-19T23:00:00Z,FLA Live Arena,Sunrise,13,Florida,FLA,14,Tampa Bay,TBL,1,2,36,28,False,False,3,REG,OFF,2021
2021030213,20212022,3,2022-05-22,2022-05-22T17:30:00Z,Amalie Arena,Tampa,14,Tampa Bay,TBL,13,Florida,FLA,5,1,36,35,False,False,3,REG,OFF,2021
2021030214,20212022,3,2022-05-23,2022-05-23T23:00:00Z,Amalie Arena,Tampa,14,Tampa Bay,TBL,13,Florida,FLA,2,0,26,49,False,False,3,REG,OFF,2021
2021030221,20212022,3,2022-05-18,2022-05-18T23:00:00Z,PNC Arena,Raleigh,12,Carolina,CAR,3,New York,NYR,2,1,26,28,True,False,4,OT,OFF,2021
2021030222,20212022,3,2022-05-20,2022-05-21T00:00:00Z,PNC Arena,Raleigh,12,Carolina,CAR,3,New York,NYR,2,0,22,21,False,False,3,REG,OFF,2021
2021030223,20212022,3,2022-05-22,2022-05-22T19:30:00Z,Madison Square Garden,New York,3,New York,NYR,12,Carolina,CAR,3,1,33,44,False,False,3,REG,OFF,2021
2021030224,20212022,3,2022-05-24,2022-05-24T23:00:00Z,Madison Square Garden,New York,3,New York,NYR,12,Carolina,CAR,4,1,28,31,False,False,3,REG,OFF,2021
2021030225,20212022,3,2022-05-26,2022-05-26T23:00:00Z,PNC Arena,Raleigh,12,Carolina,CAR,3,New York,NYR,3,1,34,17,False,False,3,REG,OFF,2021
2021030226,20212022,3,2022-05-28,2022-05-29T00:00:00Z,Madison Square Garden,New York,3,New York,NYR,12,Carolina,CAR,5,2,25,39,False,False,3,REG,OFF,2021
2021030227,20212022,3,2022-05-30,2022-05-31T00:00:00Z,PNC Arena,Raleigh,12,Carolina,CAR,3,New York,NYR,2,6,39,31,False,False,3,REG,OFF,2021
2021030231,20212022,3,2022-05-17,2022-05-18T01:30:00Z,Ball Arena,Denver,21,Colorado,COL,19,St. Louis,STL,3,2,54,25,True,False,4,OT,OFF,2021
2021030232,20212022,3,2022-05-19,2022-05-20T01:30:00Z,Ball Arena,Denver,21,Colorado,COL,19,St. Louis,STL,1,4,31,32,False,False,3,REG,OFF,2021
2021030233,20212022,3,2022-05-21,2022-05-22T00:00:00Z,Enterprise Center,St. Louis,19,St. Louis,STL,21,Colorado,COL,2,5,31,27,False,False,3,REG,OFF,2021
2021030234,20212022,3,2022-05-23,2022-05-24T01:30:00Z,Enterprise Center,St. Louis,19,St. Louis,STL,21,Colorado,COL,3,6,20,37,False,False,3,REG,OFF,2021
2021030235,20212022,3,2022-05-25,2022-05-26T00:00:00Z,Ball Arena,Denver,21,Colorado,COL,19,St. Louis,STL,4,5,34,30,True,False,4,OT,OFF,2021
2021030236,20212022,3,2022-05-27,2022-05-28T00:00:00Z,Enterprise Center,St. Louis,19,St. Louis,STL,21,Colorado,COL,2,3,20,39,False,False,3,REG,OFF,2021
2021030241,20212022,3,2022-05-18,2022-05-19T01:30:00Z,Scotiabank Saddledome,Calgary,20,Calgary,CGY,22,Edmonton,EDM,9,6,48,28,False,False,3,REG,OFF,2021
2021030242,20212022,3,2022-05-20,2022-05-21T02:30:00Z,Scotiabank Saddledome,Calgary,20,Calgary,CGY,22,Edmonton,EDM,3,5,40,40,False,False,3,REG,OFF,2021
2021030243,20212022,3,2022-05-22,2022-05-23T00:00:00Z,Rogers Place,Edmonton,22,Edmonton,EDM,20,Calgary,CGY,4,1,41,33,False,False,3,REG,OFF,2021
2021030244,20212022,3,2022-05-24,2022-05-25T01:30:00Z,Rogers Place,Edmonton,22,Edmonton,EDM,20,Calgary,CGY,5,3,26,32,False,False,3,REG,OFF,2021
2021030245,20212022,3,2022-05-26,2022-05-27T01:30:00Z,Scotiabank Saddledome,Calgary,20,Calgary,CGY,22,Edmonton,EDM,4,5,36,35,True,False,4,OT,OFF,2021
2021030311,20212022,3,2022-06-01,2022-06-02T00:00:00Z,Madison Square Garden,New York,3,New York,NYR,14,Tampa Bay,TBL,6,2,34,39,False,False,3,REG,OFF,2021
2021030312,20212022,3,2022-06-03,2022-06-04T00:00:00Z,Madison Square Garden,New York,3,New York,NYR,14,Tampa Bay,TBL,3,2,28,31,False,False,3,REG,OFF,2021
2021030313,20212022,3,2022-06-05,2022-06-05T19:00:00Z,Amalie Arena,Tampa,14,Tampa Bay,TBL,3,New York,NYR,3,2,52,30,False,False,3,REG,OFF,2021
2021030314,20212022,3,2022-06-07,2022-06-08T00:00:00Z,Amalie Arena,Tampa,14,Tampa Bay,TBL,3,New York,NYR,4,1,31,35,False,False,3,REG,OFF,2021
2021030315,20212022,3,2022-06-09,2022-06-10T00:00:00Z,Madison Square Garden,New York,3,New York,NYR,14,Tampa Bay,TBL,1,3,25,27,False,False,3,REG,OFF,2021
2021030316,20212022,3,2022-06-11,2022-06-12T00:00:00Z,Amalie Arena,Tampa,14,Tampa Bay,TBL,3,New York,NYR,2,1,31,21,False,False,3,REG,OFF,2021
2021030321,20212022,3,2022-05-31,2022-06-01T00:00:00Z,Ball Arena,Denver,21,Colorado,COL,22,Edmonton,EDM,8,6,47,37,False,False,3,REG,OFF,2021
2021030322,20212022,3,2022-06-02,2022-06-03T00:00:00Z,Ball Arena,Denver,21,Colorado,COL,22,Edmonton,EDM,4,0,40,24,False,False,3,REG,OFF,2021
2021030323,20212022,3,2022-06-04,2022-06-05T00:00:00Z,Rogers Place,Edmonton,22,Edmonton,EDM,21,Colorado,COL,2,4,29,43,False,False,3,REG,OFF,2021
2021030324,20212022,3,2022-06-06,2022-06-07T00:00:00Z,Rogers Place,Edmonton,22,Edmonton,EDM,21,Colorado,COL,5,6,35,42,True,False,4,OT,OFF,2021
2021030411,20212022,3,2022-06-15,2022-06-16T00:00:00Z,Ball Arena,Denver,21,Colorado,COL,14,Tampa Bay,TBL,4,3,38,23,True,False,4,OT,OFF,2021
2021030412,20212022,3,2022-06-18,2022-06-19T00:00:00Z,Ball Arena,Denver,21,Colorado,COL,14,Tampa Bay,TBL,7,0,30,16,False,False,3,REG,OFF,2021
2021030413,20212022,3,2022-06-20,2022-06-21T00:00:00Z,Amalie Arena,Tampa,14,Tampa Bay,TBL,21,Colorado,COL,6,2,33,39,False,False,3,REG,OFF,2021
2021030414,20212022,3,2022-06-22,2022-06-23T00:00:00Z,Amalie Arena,Tampa,14,Tampa Bay,TBL,21,Colorado,COL,2,3,39,37,True,False,4,OT,OFF,2021
2021030415,20212022,3,2022-06-24,2022-06-25T00:00:00Z,Ball Arena,Denver,21,Colorado,COL,14,Tampa Bay,TBL,2,3,37,29,False,False,3,REG,OFF,2021
2021030416,20212022,3,2022-06-26,2022-06-27T00:00:00Z,Amalie Arena,Tampa,14,Tampa Bay,TBL,21,Colorado,COL,1,2,23,30,False,False,3,REG,OFF,2021
2022030111,20222023,3,2023-04-17,2023-04-17T23:30:00Z,TD Garden,Boston,6,Boston,BOS,13,Florida,FLA,3,1,29,32,False,False,3,REG,OFF,2022
2022030112,20222023,3,2023-04-19,2023-04-19T23:30:00Z,TD Garden,Boston,6,Boston,BOS,13,Florida,FLA,3,6,37,30,False,False,3,REG,OFF,2022
2022030113,20222023,3,2023-04-21,2023-04-21T23:30:00Z,FLA Live Arena,Sunrise,13,Florida,FLA,6,Boston,BOS,2,4,31,35,False,False,3,REG,OFF,2022
2022030114,20222023,3,2023-04-23,2023-04-23T19:30:00Z,FLA Live Arena,Sunrise,13,Florida,FLA,6,Boston,BOS,2,6,44,31,False,False,3,REG,OFF,2022
2022030115,20222023,3,2023-04-26,2023-04-26T23:00:00Z,TD Garden,Boston,6,Boston,BOS,13,Florida,FLA,3,4,47,25,True,False,4,OT,OFF,2022
2022030116,20222023,3,2023-04-28,2023-04-28T23:30:00Z,FLA Live Arena,Sunrise,13,Florida,FLA,6,Boston,BOS,7,5,33,34,False,False,3,REG,OFF,2022
2022030117,20222023,3,2023-04-30,2023-04-30T22:30:00Z,TD Garden,Boston,6,Boston,BOS,13,Florida,FLA,3,4,36,31,True,False,4,OT,OFF,2022
2022030121,20222023,3,2023-04-18,2023-04-18T23:30:00Z,Scotiabank Arena,Toronto,10,Toronto,TOR,14,Tampa Bay,TBL,3,7,31,34,False,False,3,REG,OFF,2022
2022030122,20222023,3,2023-04-20,2023-04-20T23:00:00Z,Scotiabank Arena,Toronto,10,Toronto,TOR,14,Tampa Bay,TBL,7,2,37,22,False,False,3,REG,OFF,2022
2022030123,20222023,3,2023-04-22,2023-04-22T23:00:00Z,Amalie Arena,Tampa,14,Tampa Bay,TBL,10,Toronto,TOR,3,4,39,27,True,False,4,OT,OFF,2022
2022030124,20222023,3,2023-04-24,2023-04-24T23:30:00Z,Amalie Arena,Tampa,14,Tampa Bay,TBL,10,Toronto,TOR,4,5,31,37,True,False,4,OT,OFF,2022
2022030125,20222023,3,2023-04-27,2023-04-27T23:00:00Z,Scotiabank Arena,Toronto,10,Toronto,TOR,14,Tampa Bay,TBL,2,4,30,38,False,False,3,REG,OFF,2022
2022030126,20222023,3,2023-04-29,2023-04-29T23:00:00Z,Amalie Arena,Tampa,14,Tampa Bay,TBL,10,Toronto,TOR,1,2,32,22,True,False,4,OT,OFF,2022
2022030131,20222023,3,2023-04-17,2023-04-17T23:00:00Z,PNC Arena,Raleigh,12,Carolina,CAR,2,New York,NYI,2,1,37,26,False,False,3,REG,OFF,2022
2022030132,20222023,3,2023-04-19,2023-04-19T23:00:00Z,PNC Arena,Raleigh,12,Carolina,CAR,2,New York,NYI,4,3,36,26,True,False,4,OT,OFF,2022
2022030133,20222023,3,2023-04-21,2023-04-21T23:00:00Z,UBS Arena,Elmont,2,New York,NYI,12,Carolina,CAR,5,1,37,31,False,False,3,REG,OFF,2022
2022030134,20222023,3,2023-04-23,2023-04-23T17:00:00Z,UBS Arena,Elmont,2,New York,NYI,12,Carolina,CAR,2,5,29,29,False,False,3,REG,OFF,2022
2022030135,20222023,3,2023-04-25,2023-04-25T23:00:00Z,PNC Arena,Raleigh,12,Carolina,CAR,2,New York,NYI,2,3,36,22,False,False,3,REG,OFF,2022
2022030136,20222023,3,2023-04-28,2023-04-28T23:00:00Z,UBS Arena,Elmont,2,New York,NYI,12,Carolina,CAR,1,2,34,41,True,False,4,OT,OFF,2022
2022030141,20222023,3,2023-04-18,2023-04-18T23:00:00Z,Prudential Center,Newark,1,New Jersey,NJD,3,New York,NYR,1,5,28,23,False,False,3,REG,OFF,2022
2022030142,20222023,3,2023-04-20,2023-04-20T23:30:00Z,Prudential Center,Newark,1,New Jersey,NJD,3,New York,NYR,1,5,24,30,False,False,3,REG,OFF,2022
2022030143,20222023,3,2023-04-22,2023-04-23T00:00:00Z,Madison Square Garden,New York,3,New York,NYR,1,New Jersey,NJD,1,2,36,28,True,False,4,OT,OFF,2022
2022030144,20222023,3,2023-04-24,2023-04-24T23:00:00Z,Madison Square Garden,New York,3,New York,NYR,1,New Jersey,NJD,1,3,23,23,False,False,3,REG,OFF,2022
2022030145,20222023,3,2023-04-27,2023-04-27T23:30:00Z,Prudential Center,Newark,1,New Jersey,NJD,3,New York,NYR,4,0,43,23,False,False,3,REG,OFF,2022
2022030146,20222023,3,2023-04-29,2023-04-30T00:00:00Z,Madison Square Garden,New York,3,New York,NYR,1,New Jersey,NJD,5,2,29,36,False,False,3,REG,OFF,2022
2022030147,20222023,3,2023-05-01,2023-05-02T00:00:00Z,Prudential Center,Newark,1,New Jersey,NJD,3,New York,NYR,4,0,24,31,False,False,3,REG,OFF,2022
2022030151,20222023,3,2023-04-18,2023-04-19T02:00:00Z,Ball Arena,Denver,21,Colorado,COL,55,Seattle,SEA,1,3,35,30,False,False,3,REG,OFF,2022
2022030152,20222023,3,2023-04-20,2023-04-21T01:30:00Z,Ball Arena,Denver,21,Colorado,COL,55,Seattle,SEA,3,2,41,29,False,False,3,REG,OFF,2022
2022030153,20222023,3,2023-04-22,2023-04-23T02:00:00Z,Climate Pledge Arena,Seattle,55,Seattle,SEA,21,Colorado,COL,4,6,29,34,False,False,3,REG,OFF,2022
2022030154,20222023,3,2023-04-24,2023-04-25T02:00:00Z,Climate Pledge Arena,Seattle,55,Seattle,SEA,21,Colorado,COL,3,2,43,22,True,False,4,OT,OFF,2022
2022030155,20222023,3,2023-04-26,2023-04-27T01:30:00Z,Ball Arena,Denver,21,Colorado,COL,55,Seattle,SEA,2,3,28,29,False,False,3,REG,OFF,2022
2022030156,20222023,3,2023-04-28,2023-04-29T02:00:00Z,Climate Pledge Arena,Seattle,55,Seattle,SEA,21,Colorado,COL,1,4,23,39,False,False,3,REG,OFF,2022
2022030157,20222023,3,2023-04-30,2023-05-01T01:30:00Z,Ball Arena,Denver,21,Colorado,COL,55,Seattle,SEA,1,2,34,27,False,False,3,REG,OFF,2022
2022030161,20222023,3,2023-04-17,2023-04-18T01:30:00Z,American Airlines Center,Dallas,25,Dallas,DAL,30,Minnesota,MIN,2,3,53,48,True,False,5,OT,OFF,2022
2022030162,20222023,3,2023-04-19,2023-04-20T01:30:00Z,American Airlines Center,Dallas,25,Dallas,DAL,30,Minnesota,MIN,7,3,31,26,False,False,3,REG,OFF,2022
2022030163,20222023,3,2023-04-21,2023-04-22T01:30:00Z,Xcel Energy Center,St. Paul,30,Minnesota,MIN,25,Dallas,DAL,5,1,25,24,False,False,3,REG,OFF,2022
2022030164,20222023,3,2023-04-23,2023-04-23T22:30:00Z,Xcel Energy Center,St. Paul,30,Minnesota,MIN,25,Dallas,DAL,2,3,34,24,False,False,3,REG,OFF,2022
2022030165,20222023,3,2023-04-25,2023-04-26T00:00:00Z,American Airlines Center,Dallas,25,Dallas,DAL,30,Minnesota,MIN,4,0,25,27,False,False,3,REG,OFF,2022
2022030166,20222023,3,2023-04-28,2023-04-29T01:30:00Z,Xcel Energy Center,St. Paul,30,Minnesota,MIN,25,Dallas,DAL,1,4,24,33,False,False,3,REG,OFF,2022
2022030171,20222023,3,2023-04-18,2023-04-19T01:30:00Z,T-Mobile Arena,Paradise,54,Vegas,VGK,52,Winnipeg,WPG,1,5,17,31,False,False,3,REG,OFF,2022
2022030172,20222023,3,2023-04-20,2023-04-21T02:00:00Z,T-Mobile Arena,Paradise,54,Vegas,VGK,52,Winnipeg,WPG,5,2,39,33,False,False,3,REG,OFF,2022
2022030173,20222023,3,2023-04-22,2023-04-22T20:00:00Z,Canada Life Centre,Winnipeg,52,Winnipeg,WPG,54,Vegas,VGK,4,5,34,48,True,False,5,OT,OFF,2022
2022030174,20222023,3,2023-04-24,2023-04-25T01:30:00Z,Canada Life Centre,Winnipeg,52,Winnipeg,WPG,54,Vegas,VGK,2,4,26,30,False,False,3,REG,OFF,2022
2022030175,20222023,3,2023-04-27,2023-04-28T02:00:00Z,T-Mobile Arena,Paradise,54,Vegas,VGK,52,Winnipeg,WPG,4,1,25,30,False,False,3,REG,OFF,2022
2022030181,20222023,3,2023-04-17,2023-04-18T02:00:00Z,Rogers Place,Edmonton,22,Edmonton,EDM,26,Los Angeles,LAK,3,4,40,35,True,False,4,OT,OFF,2022
2022030182,20222023,3,2023-04-19,2023-04-20T02:00:00Z,Rogers Place,Edmonton,22,Edmonton,EDM,26,Los Angeles,LAK,4,2,37,24,False,False,3,REG,OFF,2022
2022030183,20222023,3,2023-04-21,2023-04-22T02:00:00Z,Crypto.com Arena,Los Angeles,26,Los Angeles,LAK,22,Edmonton,EDM,3,2,31,40,True,False,4,OT,OFF,2022
2022030184,20222023,3,2023-04-23,2023-04-24T01:00:00Z,Crypto.com Arena,Los Angeles,26,Los Angeles,LAK,22,Edmonton,EDM,4,5,39,42,True,False,4,OT,OFF,2022
2022030185,20222023,3,2023-04-25,2023-04-26T01:30:00Z,Rogers Place,Edmonton,22,Edmonton,EDM,26,Los Angeles,LAK,6,3,27,28,False,False,3,REG,OFF,2022
2022030186,20222023,3,2023-04-29,2023-04-30T02:00:00Z,Crypto.com Arena,Los Angeles,26,Los Angeles,LAK,22,Edmonton,EDM,4,5,44,26,False,False,3,REG,OFF,2022
2022030211,20222023,3,2023-05-02,2023-05-02T23:00:00Z,Scotiabank Arena,Toronto,10,Toronto,TOR,13,Florida,FLA,2,4,36,28,False,False,3,REG,OFF,2022
2022030212,20222023,3,2023-05-04,2023-05-04T23:00:00Z,Scotiabank Arena,Toronto,10,Toronto,TOR,13,Florida,FLA,2,3,37,29,False,False,3,REG,OFF,2022
2022030213,20222023,3,2023-05-07,2023-05-07T22:30:00Z,FLA Live Arena,Sunrise,13,Florida,FLA,10,Toronto,TOR,3,2,29,24,True,False,4,OT,OFF,2022
2022030214,20222023,3,2023-05-10,2023-05-10T23:00:00Z,FLA Live Arena,Sunrise,13,Florida,FLA,10,Toronto,TOR,1,2,25,25,False,False,3,REG,OFF,2022
2022030215,20222023,3,2023-05-12,2023-05-12T23:00:00Z,Scotiabank Arena,Toronto,10,Toronto,TOR,13,Florida,FLA,2,3,52,43,True,False,4,OT,OFF,2022
2022030221,20222023,3,2023-05-03,2023-05-03T23:00:00Z,PNC Arena,Raleigh,12,Carolina,CAR,1,New Jersey,NJD,5,1,23,18,False,False,3,REG,OFF,2022
2022030222,20222023,3,2023-05-05,2023-05-06T00:00:00Z,PNC Arena,Raleigh,12,Carolina,CAR,1,New Jersey,NJD,6,1,35,29,False,False,3,REG,OFF,2022
2022030223,20222023,3,2023-05-07,2023-05-07T19:30:00Z,Prudential Center,Newark,1,New Jersey,NJD,12,Carolina,CAR,8,4,34,30,False,False,3,REG,OFF,2022
2022030224,20222023,3,2023-05-09,2023-05-09T23:00:00Z,Prudential Center,Newark,1,New Jersey,NJD,12,Carolina,CAR,1,6,22,29,False,False,3,REG,OFF,2022
2022030225,20222023,3,2023-05-11,2023-05-11T23:00:00Z,PNC Arena,Raleigh,12,Carolina,CAR,1,New Jersey,NJD,3,2,39,29,True,False,4,OT,OFF,2022
2022030231,20222023,3,2023-05-02,2023-05-03T01:30:00Z,American Airlines Center,Dallas,25,Dallas,DAL,55,Seattle,SEA,4,5,35,44,True,False,4,OT,OFF,2022
2022030232,20222023,3,2023-05-04,2023-05-05T01:30:00Z,American Airlines Center,Dallas,25,Dallas,DAL,55,Seattle,SEA,4,2,37,27,False,False,3,REG,OFF,2022
2022030233,20222023,3,2023-05-07,2023-05-08T01:30:00Z,Climate Pledge Arena,Seattle,55,Seattle,SEA,25,Dallas,DAL,7,2,25,26,False,False,3,REG,OFF,2022
2022030234,20222023,3,2023-05-09,2023-05-10T01:30:00Z,Climate Pledge Arena,Seattle,55,Seattle,SEA,25,Dallas,DAL,3,6,19,25,False,False,3,REG,OFF,2022
2022030235,20222023,3,2023-05-11,2023-05-12T01:30:00Z,American Airlines Center,Dallas,25,Dallas,DAL,55,Seattle,SEA,5,2,21,31,False,False,3,REG,OFF,2022
2022030236,20222023,3,2023-05-13,2023-05-13T23:00:00Z,Climate Pledge Arena,Seattle,55,Seattle,SEA,25,Dallas,DAL,6,3,29,23,False,False,3,REG,OFF,2022
2022030237,20222023,3,2023-05-15,2023-05-16T00:00:00Z,American Airlines Center,Dallas,25,Dallas,DAL,55,Seattle,SEA,2,1,28,23,False,False,3,REG,OFF,2022
2022030241,20222023,3,2023-05-03,2023-05-04T01:30:00Z,T-Mobile Arena,Paradise,54,Vegas,VGK,22,Edmonton,EDM,6,4,34,27,False,False,3,REG,OFF,2022
2022030242,20222023,3,2023-05-06,2023-05-06T23:00:00Z,T-Mobile Arena,Paradise,54,Vegas,VGK,22,Edmonton,EDM,1,5,31,36,False,False,3,REG,OFF,2022
2022030243,20222023,3,2023-05-08,2023-05-09T00:30:00Z,Rogers Place,Edmonton,22,Edmonton,EDM,54,Vegas,VGK,1,5,28,33,False,False,3,REG,OFF,2022
2022030244,20222023,3,2023-05-10,2023-05-11T02:00:00Z,Rogers Place,Edmonton,22,Edmonton,EDM,54,Vegas,VGK,4,1,33,26,False,False,3,REG,OFF,2022
2022030245,20222023,3,2023-05-12,2023-05-13T02:00:00Z,T-Mobile Arena,Paradise,54,Vegas,VGK,22,Edmonton,EDM,4,3,31,35,False,False,3,REG,OFF,2022
2022030246,20222023,3,2023-05-14,2023-05-15T02:00:00Z,Rogers Place,Edmonton,22,Edmonton,EDM,54,Vegas,VGK,2,5,40,22,False,False,3,REG,OFF,2022
2022030311,20222023,3,2023-05-18,2023-05-19T00:00:00Z,PNC Arena,Raleigh,12,Carolina,CAR,13,Florida,FLA,2,3,65,60,True,False,7,OT,OFF,2022
2022030312,20222023,3,2023-05-20,2023-05-21T00:00:00Z,PNC Arena,Raleigh,12,Carolina,CAR,13,Florida,FLA,1,2,38,26,True,False,4,OT,OFF,2022
2022030313,20222023,3,2023-05-22,2023-05-23T00:00:00Z,FLA Live Arena,Sunrise,13,Florida,FLA,12,Carolina,CAR,1,0,17,32,False,False,3,REG,OFF,2022
2022030314,20222023,3,2023-05-24,2023-05-25T00:00:00Z,FLA Live Arena,Sunrise,13,Florida,FLA,12,Carolina,CAR,4,3,24,39,False,False,3,REG,OFF,2022
2022030321,20222023,3,2023-05-19,2023-05-20T00:30:00Z,T-Mobile Arena,Paradise,54,Vegas,VGK,25,Dallas,DAL,4,3,37,36,True,False,4,OT,OFF,2022
2022030322,20222023,3,2023-05-21,2023-05-21T19:00:00Z,T-Mobile Arena,Paradise,54,Vegas,VGK,25,Dallas,DAL,3,2,24,28,True,False,4,OT,OFF,2022
2022030323,20222023,3,2023-05-23,2023-05-24T00:00:00Z,American Airlines Center,Dallas,25,Dallas,DAL,54,Vegas,VGK,0,4,34,16,False,False,3,REG,OFF,2022
2022030324,20222023,3,2023-05-25,2023-05-26T00:00:00Z,American Airlines Center,Dallas,25,Dallas,DAL,54,Vegas,VGK,3,2,42,39,True,False,4,OT,OFF,2022
2022030325,20222023,3,2023-05-27,2023-05-28T00:00:00Z,T-Mobile Arena,Paradise,54,Vegas,VGK,25,Dallas,DAL,2,4,29,34,False,False,3,REG,OFF,2022
2022030326,20222023,3,2023-05-29,2023-05-30T00:00:00Z,American Airlines Center,Dallas,25,Dallas,DAL,54,Vegas,VGK,0,6,23,29,False,False,3,REG,OFF,2022
2022030411,20222023,3,2023-06-03,2023-06-04T00:00:00Z,T-Mobile Arena,Paradise,54,Vegas,VGK,13,Florida,FLA,5,2,34,35,False,False,3,REG,OFF,2022
2022030412,20222023,3,2023-06-05,2023-06-06T00:00:00Z,T-Mobile Arena,Paradise,54,Vegas,VGK,13,Florida,FLA,7,2,28,31,False,False,3,REG,OFF,2022
2022030413,20222023,3,2023-06-08,2023-06-09T00:00:00Z,FLA Live Arena,Sunrise,13,Florida,FLA,54,Vegas,VGK,3,2,23,27,True,False,4,OT,OFF,2022
2022030414,20222023,3,2023-06-10,2023-06-11T00:00:00Z,FLA Live Arena,Sunrise,13,Florida,FLA,54,Vegas,VGK,2,3,31,31,False,False,3,REG,OFF,2022
2022030415,20222023,3,2023-06-13,2023-06-14T00:00:00Z,T-Mobile Arena,Paradise,54,Vegas,VGK,13,Florida,FLA,9,3,32,35,False,False,3,REG,OFF,2022
2023030111,20232024,3,2024-04-21,2024-04-21T16:30:00Z,Amerant Bank Arena,Sunrise,13,Florida,FLA,14,Tampa Bay,TBL,3,2,28,19,False,False,3,REG,OFF,2023
2023030112,20232024,3,2024-04-23,2024-04-23T23:30:00Z,Amerant Bank Arena,Sunrise,13,Florida,FLA,14,Tampa Bay,TBL,3,2,37,23,True,False,4,OT,OFF,2023
2023030113,20232024,3,2024-04-25,2024-04-25T23:00:00Z,Amalie Arena,Tampa,14,Tampa Bay,TBL,13,Florida,FLA,3,5,29,31,False,False,3,REG,OFF,2023
2023030114,20232024,3,2024-04-27,2024-04-27T21:00:00Z,Amalie Arena,Tampa,14,Tampa Bay,TBL,13,Florida,FLA,6,3,32,25,False,False,3,REG,OFF,2023
2023030115,20232024,3,2024-04-29,2024-04-29T23:00:00Z,Amerant Bank Arena,Sunrise,13,Florida,FLA,14,Tampa Bay,TBL,6,1,39,32,False,False,3,REG,OFF,2023
2023030121,20232024,3,2024-04-20,2024-04-21T00:00:00Z,TD Garden,Boston,6,Boston,BOS,10,Toronto,TOR,5,1,25,36,False,False,3,REG,OFF,2023
2023030122,20232024,3,2024-04-22,2024-04-22T23:00:00Z,TD Garden,Boston,6,Boston,BOS,10,Toronto,TOR,2,3,29,34,False,False,3,REG,OFF,2023
2023030123,20232024,3,2024-04-24,2024-04-24T23:00:00Z,Scotiabank Arena,Toronto,10,Toronto,TOR,6,Boston,BOS,2,4,30,34,False,False,3,REG,OFF,2023
2023030124,20232024,3,2024-04-27,2024-04-28T00:00:00Z,Scotiabank Arena,Toronto,10,Toronto,TOR,6,Boston,BOS,1,3,25,22,False,False,3,REG,OFF,2023
2023030125,20232024,3,2024-04-30,2024-04-30T23:00:00Z,TD Garden,Boston,6,Boston,BOS,10,Toronto,TOR,1,2,28,33,True,False,4,OT,OFF,2023
2023030126,20232024,3,2024-05-02,2024-05-03T00:00:00Z,Scotiabank Arena,Toronto,10,Toronto,TOR,6,Boston,BOS,2,1,26,23,False,False,3,REG,OFF,2023
2023030127,20232024,3,2024-05-04,2024-05-05T00:00:00Z,TD Garden,Boston,6,Boston,BOS,10,Toronto,TOR,2,1,32,31,True,False,4,OT,OFF,2023
2023030131,20232024,3,2024-04-21,2024-04-21T19:00:00Z,Madison Square Garden,New York,3,New York,NYR,15,Washington,WSH,4,1,31,21,False,False,3,REG,OFF,2023
2023030132,20232024,3,2024-04-23,2024-04-23T23:00:00Z,Madison Square Garden,New York,3,New York,NYR,15,Washington,WSH,4,3,28,25,False,False,3,REG,OFF,2023
2023030133,20232024,3,2024-04-26,2024-04-26T23:00:00Z,Capital One Arena,Washington,15,Washington,WSH,3,New York,NYR,1,3,30,22,False,False,3,REG,OFF,2023
2023030134,20232024,3,2024-04-28,2024-04-29T00:00:00Z,Capital One Arena,Washington,15,Washington,WSH,3,New York,NYR,2,4,25,23,False,False,3,REG,OFF,2023
2023030141,20232024,3,2024-04-20,2024-04-20T21:00:00Z,PNC Arena,Raleigh,12,Carolina,CAR,2,New York,NYI,3,1,26,34,False,False,3,REG,OFF,2023
2023030142,20232024,3,2024-04-22,2024-04-22T23:30:00Z,PNC Arena,Raleigh,12,Carolina,CAR,2,New York,NYI,5,3,39,12,False,False,3,REG,OFF,2023
2023030143,20232024,3,2024-04-25,2024-04-25T23:30:00Z,UBS Arena,Elmont,2,New York,NYI,12,Carolina,CAR,2,3,31,22,False,False,3,REG,OFF,2023
2023030144,20232024,3,2024-04-27,2024-04-27T18:00:00Z,UBS Arena,Elmont,2,New York,NYI,12,Carolina,CAR,3,2,35,44,True,False,5,OT,OFF,2023
2023030145,20232024,3,2024-04-30,2024-04-30T23:30:00Z,PNC Arena,Raleigh,12,Carolina,CAR,2,New York,NYI,6,3,38,24,False,False,3,REG,OFF,2023
2023030151,20232024,3,2024-04-22,2024-04-23T01:30:00Z,American Airlines Center,Dallas,25,Dallas,DAL,54,Vegas,VGK,3,4,29,15,False,False,3,REG,OFF,2023
2023030152,20232024,3,2024-04-24,2024-04-25T01:30:00Z,American Airlines Center,Dallas,25,Dallas,DAL,54,Vegas,VGK,1,3,21,26,False,False,3,REG,OFF,2023
2023030153,20232024,3,2024-04-27,2024-04-28T02:30:00Z,T-Mobile Arena,Paradise,54,Vegas,VGK,25,Dallas,DAL,2,3,34,46,True,False,4,OT,OFF,2023
2023030154,20232024,3,2024-04-29,2024-04-30T01:30:00Z,T-Mobile Arena,Paradise,54,Vegas,VGK,25,Dallas,DAL,2,4,34,32,False,False,3,REG,OFF,2023
2023030155,20232024,3,2024-05-01,2024-05-01T23:30:00Z,American Airlines Center,Dallas,25,Dallas,DAL,54,Vegas,VGK,3,2,25,27,False,False,3,REG,OFF,2023
2023030156,20232024,3,2024-05-03,2024-05-04T02:00:00Z,T-Mobile Arena,Paradise,54,Vegas,VGK,25,Dallas,DAL,2,0,30,23,False,False,3,REG,OFF,2023
2023030157,20232024,3,2024-05-05,2024-05-05T23:30:00Z,American Airlines Center,Dallas,25,Dallas,DAL,54,Vegas,VGK,2,1,24,23,False,False,3,REG,OFF,2023
2023030161,20232024,3,2024-04-21,2024-04-21T23:00:00Z,Canada Life Centre,Winnipeg,52,Winnipeg,WPG,21,Colorado,COL,7,6,23,46,False,False,3,REG,OFF,2023
2023030162,20232024,3,2024-04-23,2024-04-24T01:30:00Z,Canada Life Centre,Winnipeg,52,Winnipeg,WPG,21,Colorado,COL,2,5,30,32,False,False,3,REG,OFF,2023
2023030163,20232024,3,2024-04-26,2024-04-27T02:00:00Z,Ball Arena,Denver,21,Colorado,COL,52,Winnipeg,WPG,6,2,40,24,False,False,3,REG,OFF,2023
2023030164,20232024,3,2024-04-28,2024-04-28T18:30:00Z,Ball Arena,Denver,21,Colorado,COL,52,Winnipeg,WPG,5,1,35,27,False,False,3,REG,OFF,2023
2023030165,20232024,3,2024-04-30,2024-05-01T01:30:00Z,Canada Life Centre,Winnipeg,52,Winnipeg,WPG,21,Colorado,COL,3,6,36,32,False,False,3,REG,OFF,2023
2023030171,20232024,3,2024-04-21,2024-04-22T02:00:00Z,Rogers Arena,Vancouver,23,Vancouver,VAN,18,Nashville,NSH,4,2,21,24,False,False,3,REG,OFF,2023
2023030172,20232024,3,2024-04-23,2024-04-24T02:00:00Z,Rogers Arena,Vancouver,23,Vancouver,VAN,18,Nashville,NSH,1,4,18,16,False,False,3,REG,OFF,2023
2023030173,20232024,3,2024-04-26,2024-04-26T23:30:00Z,Bridgestone Arena,Nashville,18,Nashville,NSH,23,Vancouver,VAN,1,2,30,12,False,False,3,REG,OFF,2023
2023030174,20232024,3,2024-04-28,2024-04-28T21:00:00Z,Bridgestone Arena,Nashville,18,Nashville,NSH,23,Vancouver,VAN,3,4,30,21,True,False,4,OT,OFF,2023
2023030175,20232024,3,2024-04-30,2024-05-01T02:00:00Z,Rogers Arena,Vancouver,23,Vancouver,VAN,18,Nashville,NSH,1,2,20,22,False,False,3,REG,OFF,2023
2023030176,20232024,3,2024-05-03,2024-05-03T23:00:00Z,Bridgestone Arena,Nashville,18,Nashville,NSH,23,Vancouver,VAN,0,1,28,29,False,False,3,REG,OFF,2023
2023030181,20232024,3,2024-04-22,2024-04-23T02:00:00Z,Rogers Place,Edmonton,22,Edmonton,EDM,26,Los Angeles,LAK,7,4,45,37,False,False,3,REG,OFF,2023
2023030182,20232024,3,2024-04-24,2024-04-25T02:00:00Z,Rogers Place,Edmonton,22,Edmonton,EDM,26,Los Angeles,LAK,4,5,31,26,True,False,4,OT,OFF,2023
2023030183,20232024,3,2024-04-26,2024-04-27T02:30:00Z,Crypto.com Arena,Los Angeles,26,Los Angeles,LAK,22,Edmonton,EDM,1,6,28,40,False,False,3,REG,OFF,2023
2023030184,20232024,3,2024-04-28,2024-04-29T02:30:00Z,Crypto.com Arena,Los Angeles,26,Los Angeles,LAK,22,Edmonton,EDM,0,1,33,13,False,False,3,REG,OFF,2023
2023030185,20232024,3,2024-05-01,2024-05-02T02:00:00Z,Rogers Place,Edmonton,22,Edmonton,EDM,26,Los Angeles,LAK,4,3,26,21,False,False,3,REG,OFF,2023
2023030211,20232024,3,2024-05-06,2024-05-07T00:00:00Z,Amerant Bank Arena,Sunrise,13,Florida,FLA,6,Boston,BOS,1,5,39,29,False,False,3,REG,OFF,2023
2023030212,20232024,3,2024-05-08,2024-05-08T23:30:00Z,Amerant Bank Arena,Sunrise,13,Florida,FLA,6,Boston,BOS,6,1,33,15,False,False,3,REG,OFF,2023
2023030213,20232024,3,2024-05-10,2024-05-10T23:00:00Z,TD Garden,Boston,6,Boston,BOS,13,Florida,FLA,2,6,17,33,False,False,3,REG,OFF,2023
2023030214,20232024,3,2024-05-12,2024-05-12T22:30:00Z,TD Garden,Boston,6,Boston,BOS,13,Florida,FLA,2,3,18,41,False,False,3,REG,OFF,2023
2023030215,20232024,3,2024-05-14,2024-05-14T23:00:00Z,Amerant Bank Arena,Sunrise,13,Florida,FLA,6,Boston,BOS,1,2,29,28,False,False,3,REG,OFF,2023
2023030216,20232024,3,2024-05-17,2024-05-17T23:00:00Z,TD Garden,Boston,6,Boston,BOS,13,Florida,FLA,1,2,23,28,False,False,3,REG,OFF,2023
2023030221,20232024,3,2024-05-05,2024-05-05T20:00:00Z,Madison Square Garden,New York,3,New York,NYR,12,Carolina,CAR,4,3,23,25,False,False,3,REG,OFF,2023
2023030222,20232024,3,2024-05-07,2024-05-07T23:00:00Z,Madison Square Garden,New York,3,New York,NYR,12,Carolina,CAR,4,3,39,57,True,False,5,OT,OFF,2023
2023030223,20232024,3,2024-05-09,2024-05-09T23:00:00Z,PNC Arena,Raleigh,12,Carolina,CAR,3,New York,NYR,2,3,47,25,True,False,4,OT,OFF,2023
2023030224,20232024,3,2024-05-11,2024-05-11T23:00:00Z,PNC Arena,Raleigh,12,Carolina,CAR,3,New York,NYR,4,3,31,25,False,False,3,REG,OFF,2023
2023030225,20232024,3,2024-05-13,2024-05-13T23:00:00Z,Madison Square Garden,New York,3,New York,NYR,12,Carolina,CAR,1,4,21,28,False,False,3,REG,OFF,2023
2023030226,20232024,3,2024-05-16,2024-05-16T23:00:00Z,PNC Arena,Raleigh,12,Carolina,CAR,3,New York,NYR,3,5,36,24,False,False,3,REG,OFF,2023
2023030231,20232024,3,2024-05-07,2024-05-08T01:30:00Z,American Airlines Center,Dallas,25,Dallas,DAL,21,Colorado,COL,3,4,22,26,True,False,4,OT,OFF,2023
2023030232,20232024,3,2024-05-09,2024-05-10T01:30:00Z,American Airlines Center,Dallas,25,Dallas,DAL,21,Colorado,COL,5,3,32,31,False,False,3,REG,OFF,2023
2023030233,20232024,3,2024-05-11,2024-05-12T02:00:00Z,Ball Arena,Denver,21,Colorado,COL,25,Dallas,DAL,1,4,29,23,False,False,3,REG,OFF,2023
2023030234,20232024,3,2024-05-13,2024-05-14T01:30:00Z,Ball Arena,Denver,21,Colorado,COL,25,Dallas,DAL,1,5,25,34,False,False,3,REG,OFF,2023
2023030235,20232024,3,2024-05-15,2024-05-16T00:00:00Z,American Airlines Center,Dallas,25,Dallas,DAL,21,Colorado,COL,3,5,26,27,False,False,3,REG,OFF,2023
2023030236,20232024,3,2024-05-17,2024-05-18T02:00:00Z,Ball Arena,Denver,21,Colorado,COL,25,Dallas,DAL,1,2,30,38,True,False,5,OT,OFF,2023
2023030241,20232024,3,2024-05-08,2024-05-09T02:00:00Z,Rogers Arena,Vancouver,23,Vancouver,VAN,22,Edmonton,EDM,5,4,24,18,False,False,3,REG,OFF,2023
2023030242,20232024,3,2024-05-10,2024-05-11T02:00:00Z,Rogers Arena,Vancouver,23,Vancouver,VAN,22,Edmonton,EDM,3,4,19,31,True,False,4,OT,OFF,2023
2023030243,20232024,3,2024-05-12,2024-05-13T01:30:00Z,Rogers Place,Edmonton,22,Edmonton,EDM,23,Vancouver,VAN,3,4,45,18,False,False,3,REG,OFF,2023
2023030244,20232024,3,2024-05-14,2024-05-15T01:30:00Z,Rogers Place,Edmonton,22,Edmonton,EDM,23,Vancouver,VAN,3,2,30,21,False,False,3,REG,OFF,2023
2023030245,20232024,3,2024-05-16,2024-05-17T02:00:00Z,Rogers Arena,Vancouver,23,Vancouver,VAN,22,Edmonton,EDM,3,2,35,23,False,False,3,REG,OFF,2023
2023030246,20232024,3,2024-05-18,2024-05-19T00:00:00Z,Rogers Place,Edmonton,22,Edmonton,EDM,23,Vancouver,VAN,5,1,27,15,False,False,3,REG,OFF,2023
2023030247,20232024,3,2024-05-20,2024-05-21T01:00:00Z,Rogers Arena,Vancouver,23,Vancouver,VAN,22,Edmonton,EDM,2,3,17,29,False,False,3,REG,OFF,2023
2023030311,20232024,3,2024-05-22,2024-05-23T00:00:00Z,Madison Square Garden,New York,3,New York,NYR,13,Florida,FLA,0,3,24,27,False,False,3,REG,OFF,2023
2023030312,20232024,3,2024-05-24,2024-05-25T00:00:00Z,Madison Square Garden,New York,3,New York,NYR,13,Florida,FLA,2,1,30,27,True,False,4,OT,OFF,2023
2023030313,20232024,3,2024-05-26,2024-05-26T19:00:00Z,Amerant Bank Arena,Sunrise,13,Florida,FLA,3,New York,NYR,4,5,37,23,True,False,4,OT,OFF,2023
2023030314,20232024,3,2024-05-28,2024-05-29T00:00:00Z,Amerant Bank Arena,Sunrise,13,Florida,FLA,3,New York,NYR,3,2,40,23,True,False,4,OT,OFF,2023
2023030315,20232024,3,2024-05-30,2024-05-31T00:00:00Z,Madison Square Garden,New York,3,New York,NYR,13,Florida,FLA,2,3,27,37,False,False,3,REG,OFF,2023
2023030316,20232024,3,2024-06-01,2024-06-02T00:00:00Z,Amerant Bank Arena,Sunrise,13,Florida,FLA,3,New York,NYR,2,1,34,24,False,False,3,REG,OFF,2023
2023030321,20232024,3,2024-05-23,2024-05-24T00:30:00Z,American Airlines Center,Dallas,25,Dallas,DAL,22,Edmonton,EDM,2,3,33,38,True,False,5,OT,OFF,2023
2023030322,20232024,3,2024-05-25,2024-05-26T00:00:00Z,American Airlines Center,Dallas,25,Dallas,DAL,22,Edmonton,EDM,3,1,25,29,False,False,3,REG,OFF,2023
2023030323,20232024,3,2024-05-27,2024-05-28T00:30:00Z,Rogers Place,Edmonton,22,Edmonton,EDM,25,Dallas,DAL,3,5,30,22,False,False,3,REG,OFF,2023
2023030324,20232024,3,2024-05-29,2024-05-30T00:30:00Z,Rogers Place,Edmonton,22,Edmonton,EDM,25,Dallas,DAL,5,2,29,22,False,False,3,REG,OFF,2023
2023030325,20232024,3,2024-05-31,2024-06-01T00:30:00Z,American Airlines Center,Dallas,25,Dallas,DAL,22,Edmonton,EDM,1,3,20,26,False,False,3,REG,OFF,2023
2023030326,20232024,3,2024-06-02,2024-06-03T00:00:00Z,Rogers Place,Edmonton,22,Edmonton,EDM,25,Dallas,DAL,2,1,10,34,False,False,3,REG,OFF,2023
2023030411,20232024,3,2024-06-08,2024-06-09T00:00:00Z,Amerant Bank Arena,Sunrise,13,Florida,FLA,22,Edmonton,EDM,3,0,18,32,False,False,3,REG,OFF,2023
2023030412,20232024,3,2024-06-10,2024-06-11T00:00:00Z,Amerant Bank Arena,Sunrise,13,Florida,FLA,22,Edmonton,EDM,4,1,29,19,False,False,3,REG,OFF,2023
2023030413,20232024,3,2024-06-13,2024-06-14T00:00:00Z,Rogers Place,Edmonton,22,Edmonton,EDM,13,Florida,FLA,3,4,35,23,False,False,3,REG,OFF,2023
2023030414,20232024,3,2024-06-15,2024-06-16T00:00:00Z,Rogers Place,Edmonton,22,Edmonton,EDM,13,Florida,FLA,8,1,35,33,False,False,3,REG,OFF,2023
2023030415,20232024,3,2024-06-18,2024-06-19T00:00:00Z,Amerant Bank Arena,Sunrise,13,Florida,FLA,22,Edmonton,EDM,3,5,32,24,False,False,3,REG,OFF,2023
2023030416,20232024,3,2024-06-21,2024-06-22T00:00:00Z,Rogers Place,Edmonton,22,Edmonton,EDM,13,Florida,FLA,5,1,21,21,False,False,3,REG,OFF,2023
2023030417,20232024,3,2024-06-24,2024-06-25T00:00:00Z,Amerant Bank Arena,Sunrise,13,Florida,FLA,22,Edmonton,EDM,2,1,21,24,False,False,3,REG,OFF,2023
2024030111,20242025,3,2025-04-20,2025-04-20T23:00:00Z,Scotiabank Arena,Toronto,10,Toronto,TOR,9,Ottawa,OTT,6,2,24,33,False,False,3,REG,OFF,2024
2024030112,20242025,3,2025-04-22,2025-04-22T23:30:00Z,Scotiabank Arena,Toronto,10,Toronto,TOR,9,Ottawa,OTT,3,2,21,28,True,False,4,OT,OFF,2024
2024030113,20242025,3,2025-04-24,2025-04-24T23:00:00Z,Canadian Tire Centre,Ottawa,9,Ottawa,OTT,10,Toronto,TOR,2,3,20,20,True,False,4,OT,OFF,2024
2024030114,20242025,3,2025-04-26,2025-04-26T23:00:00Z,Canadian Tire Centre,Ottawa,9,Ottawa,OTT,10,Toronto,TOR,4,3,21,34,True,False,4,OT,OFF,2024
2024030115,20242025,3,2025-04-29,2025-04-29T23:00:00Z,Scotiabank Arena,Toronto,10,Toronto,TOR,9,Ottawa,OTT,0,4,29,19,False,False,3,REG,OFF,2024
2024030116,20242025,3,2025-05-01,2025-05-01T23:00:00Z,Canadian Tire Centre,Ottawa,9,Ottawa,OTT,10,Toronto,TOR,2,4,23,23,False,False,3,REG,OFF,2024
2024030121,20242025,3,2025-04-22,2025-04-23T00:30:00Z,Amalie Arena,Tampa,14,Tampa Bay,TBL,13,Florida,FLA,2,6,22,17,False,False,3,REG,OFF,2024
2024030122,20242025,3,2025-04-24,2025-04-24T22:30:00Z,Amalie Arena,Tampa,14,Tampa Bay,TBL,13,Florida,FLA,0,2,19,23,False,False,3,REG,OFF,2024
2024030123,20242025,3,2025-04-26,2025-04-26T17:00:00Z,Amerant Bank Arena,Sunrise,13,Florida,FLA,14,Tampa Bay,TBL,1,5,34,22,False,False,3,REG,OFF,2024
2024030124,20242025,3,2025-04-28,2025-04-28T23:00:00Z,Amerant Bank Arena,Sunrise,13,Florida,FLA,14,Tampa Bay,TBL,4,2,23,20,False,False,3,REG,OFF,2024
2024030125,20242025,3,2025-04-30,2025-04-30T23:30:00Z,Amalie Arena,Tampa,14,Tampa Bay,TBL,13,Florida,FLA,3,6,29,31,False,False,3,REG,OFF,2024
2024030131,20242025,3,2025-04-21,2025-04-21T23:00:00Z,Capital One Arena,Washington,15,Washington,WSH,8,Montréal,MTL,3,2,32,35,True,False,4,OT,OFF,2024
2024030132,20242025,3,2025-04-23,2025-04-23T23:00:00Z,Capital One Arena,Washington,15,Washington,WSH,8,Montréal,MTL,3,1,32,26,False,False,3,REG,OFF,2024
2024030133,20242025,3,2025-04-25,2025-04-25T23:00:00Z,Centre Bell,Montreal,8,Montréal,MTL,15,Washington,WSH,6,3,40,21,False,False,3,REG,OFF,2024
2024030134,20242025,3,2025-04-27,2025-04-27T22:30:00Z,Centre Bell,Montreal,8,Montréal,MTL,15,Washington,WSH,2,5,18,26,False,False,3,REG,OFF,2024
2024030135,20242025,3,2025-04-30,2025-04-30T23:00:00Z,Capital One Arena,Washington,15,Washington,WSH,8,Montréal,MTL,4,1,28,29,False,False,3,REG,OFF,2024
2024030141,20242025,3,2025-04-20,2025-04-20T19:00:00Z,Lenovo Center,Raleigh,12,Carolina,CAR,1,New Jersey,NJD,4,1,45,24,False,False,3,REG,OFF,2024
2024030142,20242025,3,2025-04-22,2025-04-22T22:00:00Z,Lenovo Center,Raleigh,12,Carolina,CAR,1,New Jersey,NJD,3,1,28,26,False,False,3,REG,OFF,2024
2024030143,20242025,3,2025-04-25,2025-04-26T00:00:00Z,Prudential Center,Newark,1,New Jersey,NJD,12,Carolina,CAR,3,2,37,27,True,False,5,OT,OFF,2024
2024030144,20242025,3,2025-04-27,2025-04-27T19:30:00Z,Prudential Center,Newark,1,New Jersey,NJD,12,Carolina,CAR,2,5,22,29,False,False,3,REG,OFF,2024
2024030145,20242025,3,2025-04-29,2025-04-29T23:30:00Z,Lenovo Center,Raleigh,12,Carolina,CAR,1,New Jersey,NJD,5,4,54,35,True,False,5,OT,OFF,2024
2024030151,20242025,3,2025-04-19,2025-04-19T22:00:00Z,Canada Life Centre,Winnipeg,52,Winnipeg,WPG,19,St. Louis,STL,5,3,26,17,False,False,3,REG,OFF,2024
2024030152,20242025,3,2025-04-21,2025-04-21T23:30:00Z,Canada Life Centre,Winnipeg,52,Winnipeg,WPG,19,St. Louis,STL,2,1,22,22,False,False,3,REG,OFF,2024
2024030153,20242025,3,2025-04-24,2025-04-25T01:30:00Z,Enterprise Center,St. Louis,19,St. Louis,STL,52,Winnipeg,WPG,7,2,28,19,False,False,3,REG,OFF,2024
2024030154,20242025,3,2025-04-27,2025-04-27T17:00:00Z,Enterprise Center,St. Louis,19,St. Louis,STL,52,Winnipeg,WPG,5,1,24,31,False,False,3,REG,OFF,2024
2024030155,20242025,3,2025-04-30,2025-05-01T01:30:00Z,Canada Life Centre,Winnipeg,52,Winnipeg,WPG,19,St. Louis,STL,5,3,26,19,False,False,3,REG,OFF,2024
2024030156,20242025,3,2025-05-02,2025-05-03T00:00:00Z,Enterprise Center,St. Louis,19,St. Louis,STL,52,Winnipeg,WPG,5,2,27,23,False,False,3,REG,OFF,2024
2024030157,20242025,3,2025-05-04,2025-05-04T23:00:00Z,Canada Life Centre,Winnipeg,52,Winnipeg,WPG,19,St. Louis,STL,4,3,47,29,True,False,5,OT,OFF,2024
2024030161,20242025,3,2025-04-19,2025-04-20T00:30:00Z,American Airlines Center,Dallas,25,Dallas,DAL,21,Colorado,COL,1,5,24,25,False,False,3,REG,OFF,2024
2024030162,20242025,3,2025-04-21,2025-04-22T01:30:00Z,American Airlines Center,Dallas,25,Dallas,DAL,21,Colorado,COL,4,3,39,37,True,False,4,OT,OFF,2024
2024030163,20242025,3,2025-04-23,2025-04-24T01:30:00Z,Ball Arena,Denver,21,Colorado,COL,25,Dallas,DAL,1,2,28,28,True,False,4,OT,OFF,2024
2024030164,20242025,3,2025-04-26,2025-04-27T01:30:00Z,Ball Arena,Denver,21,Colorado,COL,25,Dallas,DAL,4,0,48,23,False,False,3,REG,OFF,2024
2024030165,20242025,3,2025-04-28,2025-04-29T01:30:00Z,American Airlines Center,Dallas,25,Dallas,DAL,21,Colorado,COL,6,2,27,28,False,False,3,REG,OFF,2024
2024030166,20242025,3,2025-05-01,2025-05-02T01:30:00Z,Ball Arena,Denver,21,Colorado,COL,25,Dallas,DAL,7,4,48,26,False,False,3,REG,OFF,2024
2024030167,20242025,3,2025-05-03,2025-05-04T00:00:00Z,American Airlines Center,Dallas,25,Dallas,DAL,21,Colorado,COL,4,2,19,27,False,False,3,REG,OFF,2024
2024030171,20242025,3,2025-04-20,2025-04-21T02:00:00Z,T-Mobile Arena,Paradise,54,Vegas,VGK,30,Minnesota,MIN,4,2,27,20,False,False,3,REG,OFF,2024
2024030172,20242025,3,2025-04-22,2025-04-23T03:00:00Z,T-Mobile Arena,Paradise,54,Vegas,VGK,30,Minnesota,MIN,2,5,32,17,False,False,3,REG,OFF,2024
2024030173,20242025,3,2025-04-24,2025-04-25T01:00:00Z,Xcel Energy Center,St. Paul,30,Minnesota,MIN,54,Vegas,VGK,5,2,31,32,False,False,3,REG,OFF,2024
2024030174,20242025,3,2025-04-26,2025-04-26T20:00:00Z,Xcel Energy Center,St. Paul,30,Minnesota,MIN,54,Vegas,VGK,3,4,32,46,True,False,4,OT,OFF,2024
2024030175,20242025,3,2025-04-29,2025-04-30T01:30:00Z,T-Mobile Arena,Paradise,54,Vegas,VGK,30,Minnesota,MIN,3,2,32,22,True,False,4,OT,OFF,2024
2024030176,20242025,3,2025-05-01,2025-05-01T23:30:00Z,Xcel Energy Center,St. Paul,30,Minnesota,MIN,54,Vegas,VGK,2,3,31,24,False,False,3,REG,OFF,2024
2024030181,20242025,3,2025-04-21,2025-04-22T02:00:00Z,Crypto.com Arena,Los Angeles,26,Los Angeles,LAK,22,Edmonton,EDM,6,5,30,25,False,False,3,REG,OFF,2024
2024030182,20242025,3,2025-04-23,2025-04-24T02:00:00Z,Crypto.com Arena,Los Angeles,26,Los Angeles,LAK,22,Edmonton,EDM,6,2,31,26,False,False,3,REG,OFF,2024
2024030183,20242025,3,2025-04-25,2025-04-26T02:00:00Z,Rogers Place,Edmonton,22,Edmonton,EDM,26,Los Angeles,LAK,7,4,37,28,False,False,3,REG,OFF,2024
2024030184,20242025,3,2025-04-27,2025-04-28T01:30:00Z,Rogers Place,Edmonton,22,Edmonton,EDM,26,Los Angeles,LAK,4,3,48,41,True,False,4,OT,OFF,2024
2024030185,20242025,3,2025-04-29,2025-04-30T02:00:00Z,Crypto.com Arena,Los Angeles,26,Los Angeles,LAK,22,Edmonton,EDM,1,3,22,46,False,False,3,REG,OFF,2024
2024030186,20242025,3,2025-05-01,2025-05-02T02:00:00Z,Rogers Place,Edmonton,22,Edmonton,EDM,26,Los Angeles,LAK,6,4,29,27,False,False,3,REG,OFF,2024
2024030211,20242025,3,2025-05-05,2025-05-06T00:00:00Z,Scotiabank Arena,Toronto,10,Toronto,TOR,13,Florida,FLA,5,4,30,29,False,False,3,REG,OFF,2024
2024030212,20242025,3,2025-05-07,2025-05-07T23:00:00Z,Scotiabank Arena,Toronto,10,Toronto,TOR,13,Florida,FLA,4,3,20,28,False,False,3,REG,OFF,2024
2024030213,20242025,3,2025-05-09,2025-05-09T23:00:00Z,Amerant Bank Arena,Sunrise,13,Florida,FLA,10,Toronto,TOR,5,4,36,31,True,False,4,OT,OFF,2024
2024030214,20242025,3,2025-05-11,2025-05-11T23:30:00Z,Amerant Bank Arena,Sunrise,13,Florida,FLA,10,Toronto,TOR,2,0,37,23,False,False,3,REG,OFF,2024
2024030215,20242025,3,2025-05-14,2025-05-14T23:00:00Z,Scotiabank Arena,Toronto,10,Toronto,TOR,13,Florida,FLA,1,6,32,32,False,False,3,REG,OFF,2024
2024030216,20242025,3,2025-05-16,2025-05-17T00:00:00Z,Amerant Bank Arena,Sunrise,13,Florida,FLA,10,Toronto,TOR,0,2,22,17,False,False,3,REG,OFF,2024
2024030217,20242025,3,2025-05-18,2025-05-18T23:30:00Z,Scotiabank Arena,Toronto,10,Toronto,TOR,13,Florida,FLA,1,6,20,34,False,False,3,REG,OFF,2024
2024030221,20242025,3,2025-05-06,2025-05-06T23:00:00Z,Capital One Arena,Washington,15,Washington,WSH,12,Carolina,CAR,1,2,14,33,True,False,4,OT,OFF,2024
2024030222,20242025,3,2025-05-08,2025-05-08T23:00:00Z,Capital One Arena,Washington,15,Washington,WSH,12,Carolina,CAR,3,1,21,28,False,False,3,REG,OFF,2024
2024030223,20242025,3,2025-05-10,2025-05-10T22:00:00Z,Lenovo Center,Raleigh,12,Carolina,CAR,15,Washington,WSH,4,0,28,21,False,False,3,REG,OFF,2024
2024030224,20242025,3,2025-05-12,2025-05-12T23:00:00Z,Lenovo Center,Raleigh,12,Carolina,CAR,15,Washington,WSH,5,2,38,21,False,False,3,REG,OFF,2024
2024030225,20242025,3,2025-05-15,2025-05-15T23:00:00Z,Capital One Arena,Washington,15,Washington,WSH,12,Carolina,CAR,1,3,19,22,False,False,3,REG,OFF,2024
2024030231,20242025,3,2025-05-07,2025-05-08T01:30:00Z,Canada Life Centre,Winnipeg,52,Winnipeg,WPG,25,Dallas,DAL,2,3,31,24,False,False,3,REG,OFF,2024
2024030232,20242025,3,2025-05-09,2025-05-10T01:30:00Z,Canada Life Centre,Winnipeg,52,Winnipeg,WPG,25,Dallas,DAL,4,0,25,21,False,False,3,REG,OFF,2024
2024030233,20242025,3,2025-05-11,2025-05-11T20:30:00Z,American Airlines Center,Dallas,25,Dallas,DAL,52,Winnipeg,WPG,5,2,26,26,False,False,3,REG,OFF,2024
2024030234,20242025,3,2025-05-13,2025-05-14T00:00:00Z,American Airlines Center,Dallas,25,Dallas,DAL,52,Winnipeg,WPG,3,1,24,32,False,False,3,REG,OFF,2024
2024030235,20242025,3,2025-05-15,2025-05-16T01:30:00Z,Canada Life Centre,Winnipeg,52,Winnipeg,WPG,25,Dallas,DAL,4,0,35,22,False,False,3,REG,OFF,2024
2024030236,20242025,3,2025-05-17,2025-05-18T00:00:00Z,American Airlines Center,Dallas,25,Dallas,DAL,52,Winnipeg,WPG,2,1,20,23,True,False,4,OT,OFF,2024
2024030241,20242025,3,2025-05-06,2025-05-07T01:30:00Z,T-Mobile Arena,Paradise,54,Vegas,VGK,22,Edmonton,EDM,2,4,17,28,False,False,3,REG,OFF,2024
2024030242,20242025,3,2025-05-08,2025-05-09T01:30:00Z,T-Mobile Arena,Paradise,54,Vegas,VGK,22,Edmonton,EDM,4,5,32,37,True,False,4,OT,OFF,2024
2024030243,20242025,3,2025-05-10,2025-05-11T01:00:00Z,Rogers Place,Edmonton,22,Edmonton,EDM,54,Vegas,VGK,3,4,20,24,False,False,3,REG,OFF,2024
2024030244,20242025,3,2025-05-12,2025-05-13T01:30:00Z,Rogers Place,Edmonton,22,Edmonton,EDM,54,Vegas,VGK,3,0,32,23,False,False,3,REG,OFF,2024
2024030245,20242025,3,2025-05-14,2025-05-15T01:30:00Z,T-Mobile Arena,Paradise,54,Vegas,VGK,22,Edmonton,EDM,0,1,24,33,True,False,4,OT,OFF,2024
2024030311,20242025,3,2025-05-20,2025-05-21T00:00:00Z,Lenovo Center,Raleigh,12,Carolina,CAR,13,Florida,FLA,2,5,33,20,False,False,3,REG,OFF,2024
2024030312,20242025,3,2025-05-22,2025-05-23T00:00:00Z,Lenovo Center,Raleigh,12,Carolina,CAR,13,Florida,FLA,0,5,17,21,False,False,3,REG,OFF,2024
2024030313,20242025,3,2025-05-24,2025-05-25T00:00:00Z,Amerant Bank Arena,Sunrise,13,Florida,FLA,12,Carolina,CAR,6,2,28,25,False,False,3,REG,OFF,2024
2024030314,20242025,3,2025-05-26,2025-05-27T00:00:00Z,Amerant Bank Arena,Sunrise,13,Florida,FLA,12,Carolina,CAR,0,3,20,28,False,False,3,REG,OFF,2024
2024030315,20242025,3,2025-05-28,2025-05-29T00:00:00Z,Lenovo Center,Raleigh,12,Carolina,CAR,13,Florida,FLA,3,5,23,25,False,False,3,REG,OFF,2024
2024030321,20242025,3,2025-05-21,2025-05-22T00:00:00Z,American Airlines Center,Dallas,25,Dallas,DAL,22,Edmonton,EDM,6,3,28,27,False,False,3,REG,OFF,2024
2024030322,20242025,3,2025-05-23,2025-05-24T00:00:00Z,American Airlines Center,Dallas,25,Dallas,DAL,22,Edmonton,EDM,0,3,25,25,False,False,3,REG,OFF,2024
2024030323,20242025,3,2025-05-25,2025-05-25T19:00:00Z,Rogers Place,Edmonton,22,Edmonton,EDM,25,Dallas,DAL,6,1,24,34,False,False,3,REG,OFF,2024
2024030324,20242025,3,2025-05-27,2025-05-28T00:00:00Z,Rogers Place,Edmonton,22,Edmonton,EDM,25,Dallas,DAL,4,1,33,29,False,False,3,REG,OFF,2024
2024030325,20242025,3,2025-05-29,2025-05-30T00:00:00Z,American Airlines Center,Dallas,25,Dallas,DAL,22,Edmonton,EDM,3,6,17,23,False,False,3,REG,OFF,2024
2024030411,20242025,3,2025-06-04,2025-06-05T00:00:00Z,Rogers Place,Edmonton,22,Edmonton,EDM,13,Florida,FLA,4,3,46,32,True,False,4,OT,OFF,2024
2024030412,20242025,3,2025-06-06,2025-06-07T00:00:00Z,Rogers Place,Edmonton,22,Edmonton,EDM,13,Florida,FLA,4,5,46,42,True,False,5,OT,OFF,2024
2024030413,20242025,3,2025-06-09,2025-06-10T00:00:00Z,Amerant Bank Arena,Sunrise,13,Florida,FLA,22,Edmonton,EDM,6,1,31,33,False,False,3,REG,OFF,2024
2024030414,20242025,3,2025-06-12,2025-06-13T00:00:00Z,Amerant Bank Arena,Sunrise,13,Florida,FLA,22,Edmonton,EDM,4,5,40,35,True,False,4,OT,OFF,2024
2024030415,20242025,3,2025-06-14,2025-06-15T00:00:00Z,Rogers Place,Edmonton,22,Edmonton,EDM,13,Florida,FLA,2,5,21,19,False,False,3,REG,OFF,2024
2024030416,20242025,3,2025-06-17,2025-06-18T00:00:00Z,Amerant Bank Arena,Sunrise,13,Florida,FLA,22,Edmonton,EDM,5,1,25,29,False,False,3,REG,OFF,2024
